<company>
    <staff id="1003">
        <firstname>Tanu</firstname>
        <lastname>roy kim</lastname>
        <nickname>mkkkk</nickname>
        <salary>1009000</salary>
    </staff>
    <staff id="2005">
        <firstname>Amrita</firstname>
        <lastname>Jain</lastname>
        <nickname>yo yo</salary>
        <salary>1450000</salary>
    </staff>
    <staff id="2007">
        <firstname>Siddharth</firstname>
        <lastname>jain</lastname>
        <nickname>sid</nickname>
        <salary>22220000</salary>
    </staff>
</company>